model,method,wt2,c4val8,c4val64,c4val64_x_fp,kl,A8,A4,A4-INT,max_first,sink,top1,top1_first,err_last,err_last_first,ma_ratio_min,avg5,lambada,piqa/acc_norm,arc_easy/acc_norm,arc_challenge/acc_norm,hellaswag/acc_norm,winogrande/acc
M0,fp,12.66738372812248,15.287068533112434,18.176813125797835,1.0,0.0,0.02526863551296188,0.09523475276247151,950.1498247403631,7200.0,0.75,,,,,,0.5567855010043308,0.5373568794876771,0.6985854189336235,0.5808080808080808,0.3822525597269625,0.5366460864369648,0.585635359116022
M0,rtn-ternary,9075120.19191635,6313878.095724761,5961006.90768077,327945.6561733851,13.56997549533844,-0.1037868985573801,-0.1330740564619729,1.789808324603094,876.0,0.04017857142857143,0.0002443792764097452,0.0,1.5677866041660309,4.180776208639145,0.05286206002347171,,,,,,,
M0,gptq-ternary,1378.1562123301949,532.5053135044269,690.0547321291602,37.963460775738795,3.8955215215682983,0.29954361423872977,0.2069883989771395,152.84560172794266,1176.0,0.15178571428571427,0.21554252225905657,0.0,1.1030158698558807,1.8922021389007568,0.0348997765686363,,,,,,,
M0,catq,40.74605870192965,31.931078378468268,39.09659216363549,2.1509046659090534,0.9078718833625317,0.02675244031030677,0.11356222320977905,21617.58996765272,7008.0,0.6227678571428571,0.5915200337767601,0.0,0.31789372488856316,0.7475447282195091,1.012234814465046,0.4277795541859386,0.14903939452745973,0.6164309031556039,0.42045454545454547,0.2440273037542662,0.3354909380601474,0.5224940805051302
M0,gptq-int4,15.790489369557712,18.305409070826197,22.183018536282923,1.2204019694078934,0.2032500673085451,0.037446125629673865,0.12605024600705494,1256.1258171853094,7168.0,0.6540178571428571,0.7750488743185997,0.0,0.2526750899851322,2.729025810956955,0.9746250808238983,,,,,,,
M1,fp,13.62543810882288,16.069164187637703,19.153908589559308,1.0,0.05307985935360193,0.020567196412995203,0.20197610019963186,303.76668870435134,1696.0,0.578125,,,,,,0.561443554574414,0.500679215990685,0.690424374319913,0.6452020202020202,0.3873720136518771,0.5175263891655049,0.5666929755327546
M1,rtn-ternary,4300387.634713398,2414804.327081158,2757023.3622668153,143940.5095506018,12.333886861801147,0.03353310678152721,0.015618217336357043,19.17507068405058,660.0,0.07366071428571429,0.0001221896382048726,0.0,1.461435690522194,1.1136245280504227,0.04435061931144446,,,,,,,
M1,gptq-ternary,1208.6750954600516,757.0637257669782,826.0002600715991,43.12437099766924,3.909788027405739,0.05309552006098861,0.22619567333435509,329.4926566142415,308.0,0.020089285714285716,0.18071847595274448,0.0,0.9921585842967033,1.0361914858222008,-0.36807515064720064,,,,,,,
M1,catq,38.90641797526499,30.409972415544626,37.60916334714337,1.9635242160257529,0.8467519991099834,0.016378159665196623,0.08421365087411403,29.471571468351488,1760.0,0.5089285714285714,0.6082600206136703,0.125,0.30868734419345856,0.3532859571278095,1.0197769403457642,0.43170317351780196,0.14341160489035512,0.6109902067464635,0.43392255892255893,0.24573378839590443,0.3374825731925911,0.5303867403314917
M1,gptq-int4,16.169158499511244,18.2102221087219,22.06536164086842,1.15200307747611,0.20581100042909384,0.027606679467996775,0.2602767743568266,490.58303218812665,1408.0,0.5736607142857143,0.8057184740900993,0.125,0.22583303600549698,0.4604831002652645,0.5885212740395218,,,,,,,
M3,fp,13.220413731684072,15.661771513986643,18.626905080442896,1.0,0.029159632860682905,0.014389708277773305,0.10453069519341751,40.204544111622,248.0,0.5379464285714286,,,,,,0.5645212567673455,0.5278478556180866,0.6947769314472253,0.6464646464646465,0.3796928327645051,0.5270862378012349,0.574585635359116
M3,rtn-ternary,766209.1434952425,497570.87736058387,543367.6947097415,29171.120610919104,10.809299528598785,0.016667341090916166,-0.02067657328272865,1.6326890183274485,142.0,0.08482142857142858,0.000610948191024363,0.0,1.15930537879467,0.7769723907113075,-0.500765684992075,,,,,,,
M3,gptq-ternary,471.2877350121136,214.00748339107017,259.27233730825253,13.919238659806805,2.842223644256592,0.024049336693414025,0.191866231287956,110.92813836870224,172.0,0.20982142857142858,0.29508797638118267,0.125,0.731678731739521,0.3510744720697403,0.14281319128349423,,,,,,,
M3,catq,36.380507039285675,29.64453177448498,36.370182545267056,1.9525617588213036,0.8234397135674953,0.01273859097983232,0.07748288228416689,16.32752941106486,204.0,0.47098214285714285,0.6148582696914673,0.25,0.30256853625178337,0.0647776834666729,0.5021827183663845,0.4380966928053457,0.18532893460120317,0.6137105549510338,0.44023569023569026,0.2636518771331058,0.34644493128858794,0.526440410418311
M3,gptq-int4,14.790683348156499,16.92443208777443,20.31778595514248,1.0907762651603838,0.1250407649204135,0.01764310075476261,0.12793010544393835,53.60294731435372,228.0,0.5267857142857143,0.8413978442549706,0.75,0.17594500817358494,0.07773341704159975,0.9145026430487633,,,,,,,
